/* INITIAL DATA FOR TESTING PURPOSES */

INSERT INTO ROLES (ROLE) VALUES ('ADMIN');
INSERT INTO ROLES (ROLE) VALUES ('USER');

/* Squad2 members */
INSERT INTO USERS (id, active, created, email, name, password) VALUES (1, true, now(), 'renata@abreu', 'Renata Abreu', '$2a$10$BXrgTIQ.BY9DinOCYQLt9uT4kuNlAu2HXs0G2.Qnf5IeqjzgV0ECG');
INSERT INTO USERS (id, active, created, email, name, password) VALUES (2, true, now(), 'grace@ferrari', 'Grace Ferrari', '$2a$10$BXrgTIQ.BY9DinOCYQLt9uT4kuNlAu2HXs0G2.Qnf5IeqjzgV0ECG');
INSERT INTO USERS (id, active, created, email, name, password) VALUES (3, true, now(), 'jaqueline@nascimento', 'Jaqueline Nascimento', '$2a$10$BXrgTIQ.BY9DinOCYQLt9uT4kuNlAu2HXs0G2.Qnf5IeqjzgV0ECG');
INSERT INTO USERS (id, active, created, email, name, password) VALUES (4, true, now(), 'caue@franca', 'Cauê França', '$2a$10$BXrgTIQ.BY9DinOCYQLt9uT4kuNlAu2HXs0G2.Qnf5IeqjzgV0ECG');
INSERT INTO USERS (id, active, created, email, name, password) VALUES (5, true, now(), 'luana@carolina', 'Luana Carolina', '$2a$10$BXrgTIQ.BY9DinOCYQLt9uT4kuNlAu2HXs0G2.Qnf5IeqjzgV0ECG');

/* Admin user */
INSERT INTO USERS (id, active, created, email, name, password) VALUES (6, true, now(), 'admin@admin', 'Administrator', '$2a$10$BXrgTIQ.BY9DinOCYQLt9uT4kuNlAu2HXs0G2.Qnf5IeqjzgV0ECG');

/* Squad2 members roles */
INSERT INTO USER_ROLE (user_id, role_id) VALUES (1, 2);
INSERT INTO USER_ROLE (user_id, role_id) VALUES (2, 2);
INSERT INTO USER_ROLE (user_id, role_id) VALUES (3, 2);
INSERT INTO USER_ROLE (user_id, role_id) VALUES (4, 2);
INSERT INTO USER_ROLE (user_id, role_id) VALUES (5, 2);

/* Admin user roles */
INSERT INTO USER_ROLE (user_id, role_id) VALUES (6, 1);
INSERT INTO USER_ROLE (user_id, role_id) VALUES (6, 2);


/* Log entries */
INSERT INTO LOGS (id, date, environment, event_description, event_log, level, source, status, user_id) VALUES (1, now(), 0, 'Bad Request', 'Code 400', 0, '10.178.121.45', 0, 1);
INSERT INTO LOGS (id, date, environment, event_description, event_log, level, source, status, user_id) VALUES (2, now(), 1, 'Use Proxy', 'Code 305', 1, '149.96.134.209', 0, 1);
INSERT INTO LOGS (id, date, environment, event_description, event_log, level, source, status, user_id) VALUES (3, now(), 2, 'OK', 'Code 200', 2, '20.134.136.236', 0, 1);
INSERT INTO LOGS (id, date, environment, event_description, event_log, level, source, status, user_id) VALUES (4, now(), 0, 'Bad Request', 'Code 400', 0, '197.148.180.57', 0, 1);
INSERT INTO LOGS (id, date, environment, event_description, event_log, level, source, status, user_id) VALUES (5, now(), 1, 'Use Proxy', 'Code 305', 1, '110.97.247.76', 0, 1);
INSERT INTO LOGS (id, date, environment, event_description, event_log, level, source, status, user_id) VALUES (6, now(), 2, 'Created', 'Code 201', 2, '95.25.32.69', 0, 1);
INSERT INTO LOGS (id, date, environment, event_description, event_log, level, source, status, user_id) VALUES (7, now(), 0, 'Not Found', 'Code 404', 0, '57.26.108.220', 0, 1);
INSERT INTO LOGS (id, date, environment, event_description, event_log, level, source, status, user_id) VALUES (8, now(), 1, 'Switch Proxy', 'Code 306', 1, '155.66.83.119', 0, 1);
INSERT INTO LOGS (id, date, environment, event_description, event_log, level, source, status, user_id) VALUES (9, now(), 2, 'Accepted', 'Code 202', 2, '42.193.254.56', 0, 1);
INSERT INTO LOGS (id, date, environment, event_description, event_log, level, source, status, user_id) VALUES (10, now(), 0, 'Not Found', 'Code 404', 0, '52.200.112.211', 0, 1);
INSERT INTO LOGS (id, date, environment, event_description, event_log, level, source, status, user_id) VALUES (11, now(), 1, 'Temporary Redirect', 'Code 307', 1, '59.18.49.75', 0, 1);
INSERT INTO LOGS (id, date, environment, event_description, event_log, level, source, status, user_id) VALUES (12, now(), 2, 'No Content', 'Code 204', 2, '26.3.160.129', 0, 1);
INSERT INTO LOGS (id, date, environment, event_description, event_log, level, source, status, user_id) VALUES (13, now(), 0, 'Forbidden', 'Code 403', 0, '39.61.223.196', 0, 1);
INSERT INTO LOGS (id, date, environment, event_description, event_log, level, source, status, user_id) VALUES (14, now(), 1, 'Not Modified', 'Code 304', 1, '85.156.94.72', 0, 1);
INSERT INTO LOGS (id, date, environment, event_description, event_log, level, source, status, user_id) VALUES (15, now(), 2, 'OK', 'Code 200', 2, '60.230.14.229', 0, 1);
INSERT INTO LOGS (id, date, environment, event_description, event_log, level, source, status, user_id) VALUES (16, now(), 0, 'Forbidden', 'Code 403', 0, '190.44.99.80', 1, 1);
INSERT INTO LOGS (id, date, environment, event_description, event_log, level, source, status, user_id) VALUES (17, now(), 1, 'Permanent Redirect', 'Code 308', 1, '31.1.4.206', 1, 1);
INSERT INTO LOGS (id, date, environment, event_description, event_log, level, source, status, user_id) VALUES (18, now(), 2, 'OK', 'Code 200', 2, '83.71.186.251', 1, 1);
INSERT INTO LOGS (id, date, environment, event_description, event_log, level, source, status, user_id) VALUES (19, now(), 0, 'Method Not Allowed', 'Code 405', 0, '9.242.250.176', 1, 1);
INSERT INTO LOGS (id, date, environment, event_description, event_log, level, source, status, user_id) VALUES (20, now(), 1, 'Switch Proxy', 'Code 306', 1, '145.119.44.91', 1, 1);
INSERT INTO LOGS (id, date, environment, event_description, event_log, level, source, status, user_id) VALUES (21, now(), 2, 'Created', 'Code 201', 2, '240.175.55.146', 1, 1);
INSERT INTO LOGS (id, date, environment, event_description, event_log, level, source, status, user_id) VALUES (22, now(), 0, 'Unauthorized', 'Code 401', 0, '205.175.155.13', 1, 1);
INSERT INTO LOGS (id, date, environment, event_description, event_log, level, source, status, user_id) VALUES (23, now(), 1, 'Switch Proxy', 'Code 306', 1, '241.157.95.67', 1, 1);
INSERT INTO LOGS (id, date, environment, event_description, event_log, level, source, status, user_id) VALUES (24, now(), 2, 'OK', 'Code 200', 2, '198.33.35.163', 1, 1);
INSERT INTO LOGS (id, date, environment, event_description, event_log, level, source, status, user_id) VALUES (25, now(), 0, 'Unauthorized', 'Code 401', 0, '148.146.29.67', 1, 1);
INSERT INTO LOGS (id, date, environment, event_description, event_log, level, source, status, user_id) VALUES (26, now(), 1, 'Use Proxy', 'Code 305', 1, '92.50.234.4', 1, 1);
INSERT INTO LOGS (id, date, environment, event_description, event_log, level, source, status, user_id) VALUES (27, now(), 2, 'Created', 'Code 201', 2, '81.28.146.52', 1, 1);
INSERT INTO LOGS (id, date, environment, event_description, event_log, level, source, status, user_id) VALUES (28, now(), 0, 'Not Found', 'Code 404', 0, '198.224.139.160', 1, 1);
INSERT INTO LOGS (id, date, environment, event_description, event_log, level, source, status, user_id) VALUES (29, now(), 1, 'Use Proxy', 'Code 305', 1, '243.231.226.81', 1, 1);
INSERT INTO LOGS (id, date, environment, event_description, event_log, level, source, status, user_id) VALUES (30, now(), 2, 'No Content', 'Code 204', 2, '243.231.226.81', 1, 1);

INSERT INTO LOGS (id, date, environment, event_description, event_log, level, source, status, user_id) VALUES (31, now(), 0, 'Bad Request', 'Code 400', 0, '10.178.121.45', 0, 2);
INSERT INTO LOGS (id, date, environment, event_description, event_log, level, source, status, user_id) VALUES (32, now(), 1, 'Use Proxy', 'Code 305', 1, '149.96.134.209', 0, 2);
INSERT INTO LOGS (id, date, environment, event_description, event_log, level, source, status, user_id) VALUES (33, now(), 2, 'OK', 'Code 200', 2, '20.134.136.236', 0, 2);
INSERT INTO LOGS (id, date, environment, event_description, event_log, level, source, status, user_id) VALUES (34, now(), 0, 'Bad Request', 'Code 400', 0, '197.148.180.57', 0, 2);
INSERT INTO LOGS (id, date, environment, event_description, event_log, level, source, status, user_id) VALUES (35, now(), 1, 'Use Proxy', 'Code 305', 1, '110.97.247.76', 0, 2);
INSERT INTO LOGS (id, date, environment, event_description, event_log, level, source, status, user_id) VALUES (36, now(), 2, 'Created', 'Code 201', 2, '95.25.32.69', 0, 2);
INSERT INTO LOGS (id, date, environment, event_description, event_log, level, source, status, user_id) VALUES (37, now(), 0, 'Not Found', 'Code 404', 0, '57.26.108.220', 0, 2);
INSERT INTO LOGS (id, date, environment, event_description, event_log, level, source, status, user_id) VALUES (38, now(), 1, 'Switch Proxy', 'Code 306', 1, '155.66.83.119', 0, 2);
INSERT INTO LOGS (id, date, environment, event_description, event_log, level, source, status, user_id) VALUES (39, now(), 2, 'Accepted', 'Code 202', 2, '42.193.254.56', 0, 2);
INSERT INTO LOGS (id, date, environment, event_description, event_log, level, source, status, user_id) VALUES (40, now(), 0, 'Not Found', 'Code 404', 0, '52.200.112.211', 0, 2);
INSERT INTO LOGS (id, date, environment, event_description, event_log, level, source, status, user_id) VALUES (41, now(), 1, 'Temporary Redirect', 'Code 307', 1, '59.18.49.75', 0, 2);
INSERT INTO LOGS (id, date, environment, event_description, event_log, level, source, status, user_id) VALUES (42, now(), 2, 'No Content', 'Code 204', 2, '26.3.160.129', 0, 2);
INSERT INTO LOGS (id, date, environment, event_description, event_log, level, source, status, user_id) VALUES (43, now(), 0, 'Forbidden', 'Code 403', 0, '39.61.223.196', 0, 2);
INSERT INTO LOGS (id, date, environment, event_description, event_log, level, source, status, user_id) VALUES (44, now(), 1, 'Not Modified', 'Code 304', 1, '85.156.94.72', 0, 2);
INSERT INTO LOGS (id, date, environment, event_description, event_log, level, source, status, user_id) VALUES (45, now(), 2, 'OK', 'Code 200', 2, '60.230.14.229', 0, 2);
INSERT INTO LOGS (id, date, environment, event_description, event_log, level, source, status, user_id) VALUES (46, now(), 0, 'Forbidden', 'Code 403', 0, '190.44.99.80', 1, 2);
INSERT INTO LOGS (id, date, environment, event_description, event_log, level, source, status, user_id) VALUES (47, now(), 1, 'Permanent Redirect', 'Code 308', 1, '31.1.4.206', 1, 2);
INSERT INTO LOGS (id, date, environment, event_description, event_log, level, source, status, user_id) VALUES (48, now(), 2, 'OK', 'Code 200', 2, '83.71.186.251', 1, 2);
INSERT INTO LOGS (id, date, environment, event_description, event_log, level, source, status, user_id) VALUES (49, now(), 0, 'Method Not Allowed', 'Code 405', 0, '9.242.250.176', 1, 2);
INSERT INTO LOGS (id, date, environment, event_description, event_log, level, source, status, user_id) VALUES (50, now(), 1, 'Switch Proxy', 'Code 306', 1, '145.119.44.91', 1, 2);
INSERT INTO LOGS (id, date, environment, event_description, event_log, level, source, status, user_id) VALUES (51, now(), 2, 'Created', 'Code 201', 2, '240.175.55.146', 1, 2);
INSERT INTO LOGS (id, date, environment, event_description, event_log, level, source, status, user_id) VALUES (52, now(), 0, 'Unauthorized', 'Code 401', 0, '205.175.155.13', 1, 2);
INSERT INTO LOGS (id, date, environment, event_description, event_log, level, source, status, user_id) VALUES (53, now(), 1, 'Switch Proxy', 'Code 306', 1, '241.157.95.67', 1, 2);
INSERT INTO LOGS (id, date, environment, event_description, event_log, level, source, status, user_id) VALUES (54, now(), 2, 'OK', 'Code 200', 2, '198.33.35.163', 1, 2);
INSERT INTO LOGS (id, date, environment, event_description, event_log, level, source, status, user_id) VALUES (55, now(), 0, 'Unauthorized', 'Code 401', 0, '148.146.29.67', 1, 2);
INSERT INTO LOGS (id, date, environment, event_description, event_log, level, source, status, user_id) VALUES (56, now(), 1, 'Use Proxy', 'Code 305', 1, '92.50.234.4', 1, 2);
INSERT INTO LOGS (id, date, environment, event_description, event_log, level, source, status, user_id) VALUES (57, now(), 2, 'Created', 'Code 201', 2, '81.28.146.52', 1, 2);
INSERT INTO LOGS (id, date, environment, event_description, event_log, level, source, status, user_id) VALUES (58, now(), 0, 'Not Found', 'Code 404', 0, '198.224.139.160', 1, 2);
INSERT INTO LOGS (id, date, environment, event_description, event_log, level, source, status, user_id) VALUES (59, now(), 1, 'Use Proxy', 'Code 305', 1, '243.231.226.81', 1, 2);
INSERT INTO LOGS (id, date, environment, event_description, event_log, level, source, status, user_id) VALUES (60, now(), 2, 'No Content', 'Code 204', 2, '243.231.226.81', 1, 2);

INSERT INTO LOGS (id, date, environment, event_description, event_log, level, source, status, user_id) VALUES (61, now(), 0, 'Bad Request', 'Code 400', 0, '10.178.121.45', 0, 3);
INSERT INTO LOGS (id, date, environment, event_description, event_log, level, source, status, user_id) VALUES (62, now(), 1, 'Use Proxy', 'Code 305', 1, '149.96.134.209', 0, 3);
INSERT INTO LOGS (id, date, environment, event_description, event_log, level, source, status, user_id) VALUES (63, now(), 2, 'OK', 'Code 200', 2, '20.134.136.236', 0, 3);
INSERT INTO LOGS (id, date, environment, event_description, event_log, level, source, status, user_id) VALUES (64, now(), 0, 'Bad Request', 'Code 400', 0, '197.148.180.57', 0, 3);
INSERT INTO LOGS (id, date, environment, event_description, event_log, level, source, status, user_id) VALUES (65, now(), 1, 'Use Proxy', 'Code 305', 1, '110.97.247.76', 0, 3);
INSERT INTO LOGS (id, date, environment, event_description, event_log, level, source, status, user_id) VALUES (66, now(), 2, 'Created', 'Code 201', 2, '95.25.32.69', 0, 3);
INSERT INTO LOGS (id, date, environment, event_description, event_log, level, source, status, user_id) VALUES (67, now(), 0, 'Not Found', 'Code 404', 0, '57.26.108.220', 0, 3);
INSERT INTO LOGS (id, date, environment, event_description, event_log, level, source, status, user_id) VALUES (68, now(), 1, 'Switch Proxy', 'Code 306', 1, '155.66.83.119', 0, 3);
INSERT INTO LOGS (id, date, environment, event_description, event_log, level, source, status, user_id) VALUES (69, now(), 2, 'Accepted', 'Code 202', 2, '42.193.254.56', 0, 3);
INSERT INTO LOGS (id, date, environment, event_description, event_log, level, source, status, user_id) VALUES (70, now(), 0, 'Not Found', 'Code 404', 0, '52.200.112.211', 0, 3);
INSERT INTO LOGS (id, date, environment, event_description, event_log, level, source, status, user_id) VALUES (71, now(), 1, 'Temporary Redirect', 'Code 307', 1, '59.18.49.75', 0, 3);
INSERT INTO LOGS (id, date, environment, event_description, event_log, level, source, status, user_id) VALUES (72, now(), 2, 'No Content', 'Code 204', 2, '26.3.160.129', 0, 3);
INSERT INTO LOGS (id, date, environment, event_description, event_log, level, source, status, user_id) VALUES (73, now(), 0, 'Forbidden', 'Code 403', 0, '39.61.223.196', 0, 3);
INSERT INTO LOGS (id, date, environment, event_description, event_log, level, source, status, user_id) VALUES (74, now(), 1, 'Not Modified', 'Code 304', 1, '85.156.94.72', 0, 3);
INSERT INTO LOGS (id, date, environment, event_description, event_log, level, source, status, user_id) VALUES (75, now(), 2, 'OK', 'Code 200', 2, '60.230.14.229', 0, 3);
INSERT INTO LOGS (id, date, environment, event_description, event_log, level, source, status, user_id) VALUES (76, now(), 0, 'Forbidden', 'Code 403', 0, '190.44.99.80', 1, 3);
INSERT INTO LOGS (id, date, environment, event_description, event_log, level, source, status, user_id) VALUES (77, now(), 1, 'Permanent Redirect', 'Code 308', 1, '31.1.4.206', 1, 3);
INSERT INTO LOGS (id, date, environment, event_description, event_log, level, source, status, user_id) VALUES (78, now(), 2, 'OK', 'Code 200', 2, '83.71.186.251', 1, 3);
INSERT INTO LOGS (id, date, environment, event_description, event_log, level, source, status, user_id) VALUES (79, now(), 0, 'Method Not Allowed', 'Code 405', 0, '9.242.250.176', 1, 3);
INSERT INTO LOGS (id, date, environment, event_description, event_log, level, source, status, user_id) VALUES (80, now(), 1, 'Switch Proxy', 'Code 306', 1, '145.119.44.91', 1, 3);
INSERT INTO LOGS (id, date, environment, event_description, event_log, level, source, status, user_id) VALUES (81, now(), 2, 'Created', 'Code 201', 2, '240.175.55.146', 1, 3);
INSERT INTO LOGS (id, date, environment, event_description, event_log, level, source, status, user_id) VALUES (82, now(), 0, 'Unauthorized', 'Code 401', 0, '205.175.155.13', 1, 3);
INSERT INTO LOGS (id, date, environment, event_description, event_log, level, source, status, user_id) VALUES (83, now(), 1, 'Switch Proxy', 'Code 306', 1, '241.157.95.67', 1, 3);
INSERT INTO LOGS (id, date, environment, event_description, event_log, level, source, status, user_id) VALUES (84, now(), 2, 'OK', 'Code 200', 2, '198.33.35.163', 1, 3);
INSERT INTO LOGS (id, date, environment, event_description, event_log, level, source, status, user_id) VALUES (85, now(), 0, 'Unauthorized', 'Code 401', 0, '148.146.29.67', 1, 3);
INSERT INTO LOGS (id, date, environment, event_description, event_log, level, source, status, user_id) VALUES (86, now(), 1, 'Use Proxy', 'Code 305', 1, '92.50.234.4', 1, 3);
INSERT INTO LOGS (id, date, environment, event_description, event_log, level, source, status, user_id) VALUES (87, now(), 2, 'Created', 'Code 201', 2, '81.28.146.52', 1, 3);
INSERT INTO LOGS (id, date, environment, event_description, event_log, level, source, status, user_id) VALUES (88, now(), 0, 'Not Found', 'Code 404', 0, '198.224.139.160', 1, 3);
INSERT INTO LOGS (id, date, environment, event_description, event_log, level, source, status, user_id) VALUES (89, now(), 1, 'Use Proxy', 'Code 305', 1, '243.231.226.81', 1, 3);
INSERT INTO LOGS (id, date, environment, event_description, event_log, level, source, status, user_id) VALUES (90, now(), 2, 'No Content', 'Code 204', 2, '243.231.226.81', 1, 3);

INSERT INTO LOGS (id, date, environment, event_description, event_log, level, source, status, user_id) VALUES (91, now(), 0, 'Bad Request', 'Code 400', 0, '10.178.121.45', 0, 4);
INSERT INTO LOGS (id, date, environment, event_description, event_log, level, source, status, user_id) VALUES (92, now(), 1, 'Use Proxy', 'Code 305', 1, '149.96.134.209', 0, 4);
INSERT INTO LOGS (id, date, environment, event_description, event_log, level, source, status, user_id) VALUES (93, now(), 2, 'OK', 'Code 200', 2, '20.134.136.236', 0, 4);
INSERT INTO LOGS (id, date, environment, event_description, event_log, level, source, status, user_id) VALUES (94, now(), 0, 'Bad Request', 'Code 400', 0, '197.148.180.57', 0, 4);
INSERT INTO LOGS (id, date, environment, event_description, event_log, level, source, status, user_id) VALUES (95, now(), 1, 'Use Proxy', 'Code 305', 1, '110.97.247.76', 0, 4);
INSERT INTO LOGS (id, date, environment, event_description, event_log, level, source, status, user_id) VALUES (96, now(), 2, 'Created', 'Code 201', 2, '95.25.32.69', 0, 4);
INSERT INTO LOGS (id, date, environment, event_description, event_log, level, source, status, user_id) VALUES (97, now(), 0, 'Not Found', 'Code 404', 0, '57.26.108.220', 0, 4);
INSERT INTO LOGS (id, date, environment, event_description, event_log, level, source, status, user_id) VALUES (98, now(), 1, 'Switch Proxy', 'Code 306', 1, '155.66.83.119', 0, 4);
INSERT INTO LOGS (id, date, environment, event_description, event_log, level, source, status, user_id) VALUES (99, now(), 2, 'Accepted', 'Code 202', 2, '42.193.254.56', 0, 4);
INSERT INTO LOGS (id, date, environment, event_description, event_log, level, source, status, user_id) VALUES (100, now(), 0, 'Not Found', 'Code 404', 0, '52.200.112.211', 0, 4);
INSERT INTO LOGS (id, date, environment, event_description, event_log, level, source, status, user_id) VALUES (101, now(), 1, 'Temporary Redirect', 'Code 307', 1, '59.18.49.75', 0, 4);
INSERT INTO LOGS (id, date, environment, event_description, event_log, level, source, status, user_id) VALUES (102, now(), 2, 'No Content', 'Code 204', 2, '26.3.160.129', 0, 4);
INSERT INTO LOGS (id, date, environment, event_description, event_log, level, source, status, user_id) VALUES (103, now(), 0, 'Forbidden', 'Code 403', 0, '39.61.223.196', 0, 4);
INSERT INTO LOGS (id, date, environment, event_description, event_log, level, source, status, user_id) VALUES (104, now(), 1, 'Not Modified', 'Code 304', 1, '85.156.94.72', 0, 4);
INSERT INTO LOGS (id, date, environment, event_description, event_log, level, source, status, user_id) VALUES (105, now(), 2, 'OK', 'Code 200', 2, '60.230.14.229', 0, 4);
INSERT INTO LOGS (id, date, environment, event_description, event_log, level, source, status, user_id) VALUES (106, now(), 0, 'Forbidden', 'Code 403', 0, '190.44.99.80', 1, 4);
INSERT INTO LOGS (id, date, environment, event_description, event_log, level, source, status, user_id) VALUES (107, now(), 1, 'Permanent Redirect', 'Code 308', 1, '31.1.4.206', 1, 4);
INSERT INTO LOGS (id, date, environment, event_description, event_log, level, source, status, user_id) VALUES (108, now(), 2, 'OK', 'Code 200', 2, '83.71.186.251', 1, 4);
INSERT INTO LOGS (id, date, environment, event_description, event_log, level, source, status, user_id) VALUES (109, now(), 0, 'Method Not Allowed', 'Code 405', 0, '9.242.250.176', 1, 4);
INSERT INTO LOGS (id, date, environment, event_description, event_log, level, source, status, user_id) VALUES (110, now(), 1, 'Switch Proxy', 'Code 306', 1, '145.119.44.91', 1, 4);
INSERT INTO LOGS (id, date, environment, event_description, event_log, level, source, status, user_id) VALUES (111, now(), 2, 'Created', 'Code 201', 2, '240.175.55.146', 1, 4);
INSERT INTO LOGS (id, date, environment, event_description, event_log, level, source, status, user_id) VALUES (112, now(), 0, 'Unauthorized', 'Code 401', 0, '205.175.155.13', 1, 4);
INSERT INTO LOGS (id, date, environment, event_description, event_log, level, source, status, user_id) VALUES (113, now(), 1, 'Switch Proxy', 'Code 306', 1, '241.157.95.67', 1, 4);
INSERT INTO LOGS (id, date, environment, event_description, event_log, level, source, status, user_id) VALUES (114, now(), 2, 'OK', 'Code 200', 2, '198.33.35.163', 1, 4);
INSERT INTO LOGS (id, date, environment, event_description, event_log, level, source, status, user_id) VALUES (115, now(), 0, 'Unauthorized', 'Code 401', 0, '148.146.29.67', 1, 4);
INSERT INTO LOGS (id, date, environment, event_description, event_log, level, source, status, user_id) VALUES (116, now(), 1, 'Use Proxy', 'Code 305', 1, '92.50.234.4', 1, 4);
INSERT INTO LOGS (id, date, environment, event_description, event_log, level, source, status, user_id) VALUES (117, now(), 2, 'Created', 'Code 201', 2, '81.28.146.52', 1, 4);
INSERT INTO LOGS (id, date, environment, event_description, event_log, level, source, status, user_id) VALUES (118, now(), 0, 'Not Found', 'Code 404', 0, '198.224.139.160', 1, 4);
INSERT INTO LOGS (id, date, environment, event_description, event_log, level, source, status, user_id) VALUES (119, now(), 1, 'Use Proxy', 'Code 305', 1, '243.231.226.81', 1, 4);
INSERT INTO LOGS (id, date, environment, event_description, event_log, level, source, status, user_id) VALUES (120, now(), 2, 'No Content', 'Code 204', 2, '243.231.226.81', 1, 4);

INSERT INTO LOGS (id, date, environment, event_description, event_log, level, source, status, user_id) VALUES (121, now(), 0, 'Bad Request', 'Code 400', 0, '10.178.121.45', 0, 5);
INSERT INTO LOGS (id, date, environment, event_description, event_log, level, source, status, user_id) VALUES (122, now(), 1, 'Use Proxy', 'Code 305', 1, '149.96.134.209', 0, 5);
INSERT INTO LOGS (id, date, environment, event_description, event_log, level, source, status, user_id) VALUES (123, now(), 2, 'OK', 'Code 200', 2, '20.134.136.236', 0, 5);
INSERT INTO LOGS (id, date, environment, event_description, event_log, level, source, status, user_id) VALUES (124, now(), 0, 'Bad Request', 'Code 400', 0, '197.148.180.57', 0, 5);
INSERT INTO LOGS (id, date, environment, event_description, event_log, level, source, status, user_id) VALUES (125, now(), 1, 'Use Proxy', 'Code 305', 1, '110.97.247.76', 0, 5);
INSERT INTO LOGS (id, date, environment, event_description, event_log, level, source, status, user_id) VALUES (126, now(), 2, 'Created', 'Code 201', 2, '95.25.32.69', 0, 5);
INSERT INTO LOGS (id, date, environment, event_description, event_log, level, source, status, user_id) VALUES (127, now(), 0, 'Not Found', 'Code 404', 0, '57.26.108.220', 0, 5);
INSERT INTO LOGS (id, date, environment, event_description, event_log, level, source, status, user_id) VALUES (128, now(), 1, 'Switch Proxy', 'Code 306', 1, '155.66.83.119', 0, 5);
INSERT INTO LOGS (id, date, environment, event_description, event_log, level, source, status, user_id) VALUES (129, now(), 2, 'Accepted', 'Code 202', 2, '42.193.254.56', 0, 5);
INSERT INTO LOGS (id, date, environment, event_description, event_log, level, source, status, user_id) VALUES (130, now(), 0, 'Not Found', 'Code 404', 0, '52.200.112.211', 0, 5);
INSERT INTO LOGS (id, date, environment, event_description, event_log, level, source, status, user_id) VALUES (131, now(), 1, 'Temporary Redirect', 'Code 307', 1, '59.18.49.75', 0, 5);
INSERT INTO LOGS (id, date, environment, event_description, event_log, level, source, status, user_id) VALUES (132, now(), 2, 'No Content', 'Code 204', 2, '26.3.160.129', 0, 5);
INSERT INTO LOGS (id, date, environment, event_description, event_log, level, source, status, user_id) VALUES (133, now(), 0, 'Forbidden', 'Code 403', 0, '39.61.223.196', 0, 5);
INSERT INTO LOGS (id, date, environment, event_description, event_log, level, source, status, user_id) VALUES (134, now(), 1, 'Not Modified', 'Code 304', 1, '85.156.94.72', 0, 5);
INSERT INTO LOGS (id, date, environment, event_description, event_log, level, source, status, user_id) VALUES (135, now(), 2, 'OK', 'Code 200', 2, '60.230.14.229', 0, 5);
INSERT INTO LOGS (id, date, environment, event_description, event_log, level, source, status, user_id) VALUES (136, now(), 0, 'Forbidden', 'Code 403', 0, '190.44.99.80', 1, 5);
INSERT INTO LOGS (id, date, environment, event_description, event_log, level, source, status, user_id) VALUES (137, now(), 1, 'Permanent Redirect', 'Code 308', 1, '31.1.4.206', 1, 5);
INSERT INTO LOGS (id, date, environment, event_description, event_log, level, source, status, user_id) VALUES (138, now(), 2, 'OK', 'Code 200', 2, '83.71.186.251', 1, 5);
INSERT INTO LOGS (id, date, environment, event_description, event_log, level, source, status, user_id) VALUES (139, now(), 0, 'Method Not Allowed', 'Code 405', 0, '9.242.250.176', 1, 5);
INSERT INTO LOGS (id, date, environment, event_description, event_log, level, source, status, user_id) VALUES (140, now(), 1, 'Switch Proxy', 'Code 306', 1, '145.119.44.91', 1, 5);
INSERT INTO LOGS (id, date, environment, event_description, event_log, level, source, status, user_id) VALUES (141, now(), 2, 'Created', 'Code 201', 2, '240.175.55.146', 1, 5);
INSERT INTO LOGS (id, date, environment, event_description, event_log, level, source, status, user_id) VALUES (142, now(), 0, 'Unauthorized', 'Code 401', 0, '205.175.155.13', 1, 5);
INSERT INTO LOGS (id, date, environment, event_description, event_log, level, source, status, user_id) VALUES (143, now(), 1, 'Switch Proxy', 'Code 306', 1, '241.157.95.67', 1, 5);
INSERT INTO LOGS (id, date, environment, event_description, event_log, level, source, status, user_id) VALUES (144, now(), 2, 'OK', 'Code 200', 2, '198.33.35.163', 1, 5);
INSERT INTO LOGS (id, date, environment, event_description, event_log, level, source, status, user_id) VALUES (145, now(), 0, 'Unauthorized', 'Code 401', 0, '148.146.29.67', 1, 5);
INSERT INTO LOGS (id, date, environment, event_description, event_log, level, source, status, user_id) VALUES (146, now(), 1, 'Use Proxy', 'Code 305', 1, '92.50.234.4', 1, 5);
INSERT INTO LOGS (id, date, environment, event_description, event_log, level, source, status, user_id) VALUES (147, now(), 2, 'Created', 'Code 201', 2, '81.28.146.52', 1, 5);
INSERT INTO LOGS (id, date, environment, event_description, event_log, level, source, status, user_id) VALUES (148, now(), 0, 'Not Found', 'Code 404', 0, '198.224.139.160', 1, 5);
INSERT INTO LOGS (id, date, environment, event_description, event_log, level, source, status, user_id) VALUES (149, now(), 1, 'Use Proxy', 'Code 305', 1, '243.231.226.81', 1, 5);
INSERT INTO LOGS (id, date, environment, event_description, event_log, level, source, status, user_id) VALUES (150, now(), 2, 'No Content', 'Code 204', 2, '243.231.226.81', 1, 5);