/* INITIAL DATA FOR TESTING PURPOSES */

INSERT INTO ROLES (ROLE) VALUES ('ADMIN');
INSERT INTO ROLES (ROLE) VALUES ('USER');

/* Squad2 members */
INSERT INTO USERS (active, created, email, name, password) VALUES (true, now(), 'renata@abreu', 'Renata Abreu', '$2a$10$BXrgTIQ.BY9DinOCYQLt9uT4kuNlAu2HXs0G2.Qnf5IeqjzgV0ECG');
INSERT INTO USERS (active, created, email, name, password) VALUES (true, now(), 'grace@ferrari', 'Grace Ferrari', '$2a$10$BXrgTIQ.BY9DinOCYQLt9uT4kuNlAu2HXs0G2.Qnf5IeqjzgV0ECG');
INSERT INTO USERS (active, created, email, name, password) VALUES (true, now(), 'jackeline@nascimento', 'Jackeline Nascimento', '$2a$10$BXrgTIQ.BY9DinOCYQLt9uT4kuNlAu2HXs0G2.Qnf5IeqjzgV0ECG');
INSERT INTO USERS (active, created, email, name, password) VALUES (true, now(), 'caue@franca', 'Cauê França', '$2a$04$zke40tt7zb4erLFLrnLYYOnsptlaqMNNHUmCcuecirjS7DlDgXAhG');
INSERT INTO USERS (active, created, email, name, password) VALUES (true, now(), 'luana@carolina', 'Luana Carolina', '$2a$10$BXrgTIQ.BY9DinOCYQLt9uT4kuNlAu2HXs0G2.Qnf5IeqjzgV0ECG');

/* Admin user */
INSERT INTO USERS (active, created, email, name, password) VALUES (true, now(), 'admin@admin', 'Administrator', '$2a$10$BXrgTIQ.BY9DinOCYQLt9uT4kuNlAu2HXs0G2.Qnf5IeqjzgV0ECG');
INSERT INTO USERS (active, created, email, name, password) VALUES (true, now(), 'roberto@pera', 'Roberto Pêra', '$2b$10$THPFtuXzzoVIaIEkTRfe0eKrqUAvgqjvpxxozSOZxeprVJ5u4HyQG');

/* Squad2 members roles */
INSERT INTO USER_ROLE (user_id, role_id) VALUES (1, 2);
INSERT INTO USER_ROLE (user_id, role_id) VALUES (2, 2);
INSERT INTO USER_ROLE (user_id, role_id) VALUES (3, 2);
INSERT INTO USER_ROLE (user_id, role_id) VALUES (4, 2);
INSERT INTO USER_ROLE (user_id, role_id) VALUES (5, 2);

/* Admin user roles */
INSERT INTO USER_ROLE (user_id, role_id) VALUES (6, 1);
INSERT INTO USER_ROLE (user_id, role_id) VALUES (7, 1);


/* Log entries */
INSERT INTO LOGS (date, environment, event_description, event_log, level, source, status, user_id) VALUES (now(), 0, 'Bad Request', 'Code 400', 0, '10.178.121.45', 0, 1);
INSERT INTO LOGS (date, environment, event_description, event_log, level, source, status, user_id) VALUES (now(), 1, 'Use Proxy', 'Code 305', 1, '149.96.134.209', 0, 1);
INSERT INTO LOGS (date, environment, event_description, event_log, level, source, status, user_id) VALUES (now(), 2, 'OK', 'Code 200', 2, '20.134.136.236', 0, 1);
INSERT INTO LOGS (date, environment, event_description, event_log, level, source, status, user_id) VALUES (now(), 0, 'Bad Request', 'Code 400', 0, '197.148.180.57', 0, 1);
INSERT INTO LOGS (date, environment, event_description, event_log, level, source, status, user_id) VALUES (now(), 1, 'Use Proxy', 'Code 305', 1, '110.97.247.76', 0, 1);
INSERT INTO LOGS (date, environment, event_description, event_log, level, source, status, user_id) VALUES (now(), 2, 'Created', 'Code 201', 2, '95.25.32.69', 0, 1);
INSERT INTO LOGS (date, environment, event_description, event_log, level, source, status, user_id) VALUES (now(), 0, 'Not Found', 'Code 404', 0, '57.26.108.220', 0, 1);
INSERT INTO LOGS (date, environment, event_description, event_log, level, source, status, user_id) VALUES (now(), 1, 'Switch Proxy', 'Code 306', 1, '155.66.83.119', 0, 1);
INSERT INTO LOGS (date, environment, event_description, event_log, level, source, status, user_id) VALUES (now(), 2, 'Accepted', 'Code 202', 2, '42.193.254.56', 0, 1);
INSERT INTO LOGS (date, environment, event_description, event_log, level, source, status, user_id) VALUES (now(), 0, 'Not Found', 'Code 404', 0, '52.200.112.211', 0, 1);
INSERT INTO LOGS (date, environment, event_description, event_log, level, source, status, user_id) VALUES (now(), 1, 'Temporary Redirect', 'Code 307', 1, '59.18.49.75', 0, 1);
INSERT INTO LOGS (date, environment, event_description, event_log, level, source, status, user_id) VALUES (now(), 2, 'No Content', 'Code 204', 2, '26.3.160.129', 0, 1);
INSERT INTO LOGS (date, environment, event_description, event_log, level, source, status, user_id) VALUES (now(), 0, 'Forbidden', 'Code 403', 0, '39.61.223.196', 0, 1);
INSERT INTO LOGS (date, environment, event_description, event_log, level, source, status, user_id) VALUES (now(), 1, 'Not Modified', 'Code 304', 1, '85.156.94.72', 0, 1);
INSERT INTO LOGS (date, environment, event_description, event_log, level, source, status, user_id) VALUES (now(), 2, 'OK', 'Code 200', 2, '60.230.14.229', 0, 1);
INSERT INTO LOGS (date, environment, event_description, event_log, level, source, status, user_id) VALUES (now(), 0, 'Forbidden', 'Code 403', 0, '190.44.99.80', 1, 1);
INSERT INTO LOGS (date, environment, event_description, event_log, level, source, status, user_id) VALUES (now(), 1, 'Permanent Redirect', 'Code 308', 1, '31.1.4.206', 1, 1);
INSERT INTO LOGS (date, environment, event_description, event_log, level, source, status, user_id) VALUES (now(), 2, 'OK', 'Code 200', 2, '83.71.186.251', 1, 1);
INSERT INTO LOGS (date, environment, event_description, event_log, level, source, status, user_id) VALUES (now(), 0, 'Method Not Allowed', 'Code 405', 0, '9.242.250.176', 1, 1);
INSERT INTO LOGS (date, environment, event_description, event_log, level, source, status, user_id) VALUES (now(), 1, 'Switch Proxy', 'Code 306', 1, '145.119.44.91', 1, 1);
INSERT INTO LOGS (date, environment, event_description, event_log, level, source, status, user_id) VALUES (now(), 2, 'Created', 'Code 201', 2, '240.175.55.146', 1, 1);
INSERT INTO LOGS (date, environment, event_description, event_log, level, source, status, user_id) VALUES (now(), 0, 'Unauthorized', 'Code 401', 0, '205.175.155.13', 1, 1);
INSERT INTO LOGS (date, environment, event_description, event_log, level, source, status, user_id) VALUES (now(), 1, 'Switch Proxy', 'Code 306', 1, '241.157.95.67', 1, 1);
INSERT INTO LOGS (date, environment, event_description, event_log, level, source, status, user_id) VALUES (now(), 2, 'OK', 'Code 200', 2, '198.33.35.163', 1, 1);
INSERT INTO LOGS (date, environment, event_description, event_log, level, source, status, user_id) VALUES (now(), 0, 'Unauthorized', 'Code 401', 0, '148.146.29.67', 1, 1);
INSERT INTO LOGS (date, environment, event_description, event_log, level, source, status, user_id) VALUES (now(), 1, 'Use Proxy', 'Code 305', 1, '92.50.234.4', 1, 1);
INSERT INTO LOGS (date, environment, event_description, event_log, level, source, status, user_id) VALUES (now(), 2, 'Created', 'Code 201', 2, '81.28.146.52', 1, 1);
INSERT INTO LOGS (date, environment, event_description, event_log, level, source, status, user_id) VALUES (now(), 0, 'Not Found', 'Code 404', 0, '198.224.139.160', 1, 1);
INSERT INTO LOGS (date, environment, event_description, event_log, level, source, status, user_id) VALUES (now(), 1, 'Use Proxy', 'Code 305', 1, '243.231.226.81', 1, 1);
INSERT INTO LOGS (date, environment, event_description, event_log, level, source, status, user_id) VALUES (now(), 2, 'No Content', 'Code 204', 2, '243.231.226.81', 1, 1);

INSERT INTO LOGS (date, environment, event_description, event_log, level, source, status, user_id) VALUES (now(), 0, 'Bad Request', 'Code 400', 0, '10.178.121.45', 0, 2);
INSERT INTO LOGS (date, environment, event_description, event_log, level, source, status, user_id) VALUES (now(), 1, 'Use Proxy', 'Code 305', 1, '149.96.134.209', 0, 2);
INSERT INTO LOGS (date, environment, event_description, event_log, level, source, status, user_id) VALUES (now(), 2, 'OK', 'Code 200', 2, '20.134.136.236', 0, 2);
INSERT INTO LOGS (date, environment, event_description, event_log, level, source, status, user_id) VALUES (now(), 0, 'Bad Request', 'Code 400', 0, '197.148.180.57', 0, 2);
INSERT INTO LOGS (date, environment, event_description, event_log, level, source, status, user_id) VALUES (now(), 1, 'Use Proxy', 'Code 305', 1, '110.97.247.76', 0, 2);
INSERT INTO LOGS (date, environment, event_description, event_log, level, source, status, user_id) VALUES (now(), 2, 'Created', 'Code 201', 2, '95.25.32.69', 0, 2);
INSERT INTO LOGS (date, environment, event_description, event_log, level, source, status, user_id) VALUES (now(), 0, 'Not Found', 'Code 404', 0, '57.26.108.220', 0, 2);
INSERT INTO LOGS (date, environment, event_description, event_log, level, source, status, user_id) VALUES (now(), 1, 'Switch Proxy', 'Code 306', 1, '155.66.83.119', 0, 2);
INSERT INTO LOGS (date, environment, event_description, event_log, level, source, status, user_id) VALUES (now(), 2, 'Accepted', 'Code 202', 2, '42.193.254.56', 0, 2);
INSERT INTO LOGS (date, environment, event_description, event_log, level, source, status, user_id) VALUES (now(), 0, 'Not Found', 'Code 404', 0, '52.200.112.211', 0, 2);
INSERT INTO LOGS (date, environment, event_description, event_log, level, source, status, user_id) VALUES (now(), 1, 'Temporary Redirect', 'Code 307', 1, '59.18.49.75', 0, 2);
INSERT INTO LOGS (date, environment, event_description, event_log, level, source, status, user_id) VALUES (now(), 2, 'No Content', 'Code 204', 2, '26.3.160.129', 0, 2);
INSERT INTO LOGS (date, environment, event_description, event_log, level, source, status, user_id) VALUES (now(), 0, 'Forbidden', 'Code 403', 0, '39.61.223.196', 0, 2);
INSERT INTO LOGS (date, environment, event_description, event_log, level, source, status, user_id) VALUES (now(), 1, 'Not Modified', 'Code 304', 1, '85.156.94.72', 0, 2);
INSERT INTO LOGS (date, environment, event_description, event_log, level, source, status, user_id) VALUES (now(), 2, 'OK', 'Code 200', 2, '60.230.14.229', 0, 2);
INSERT INTO LOGS (date, environment, event_description, event_log, level, source, status, user_id) VALUES (now(), 0, 'Forbidden', 'Code 403', 0, '190.44.99.80', 1, 2);
INSERT INTO LOGS (date, environment, event_description, event_log, level, source, status, user_id) VALUES (now(), 1, 'Permanent Redirect', 'Code 308', 1, '31.1.4.206', 1, 2);
INSERT INTO LOGS (date, environment, event_description, event_log, level, source, status, user_id) VALUES (now(), 2, 'OK', 'Code 200', 2, '83.71.186.251', 1, 2);
INSERT INTO LOGS (date, environment, event_description, event_log, level, source, status, user_id) VALUES (now(), 0, 'Method Not Allowed', 'Code 405', 0, '9.242.250.176', 1, 2);
INSERT INTO LOGS (date, environment, event_description, event_log, level, source, status, user_id) VALUES (now(), 1, 'Switch Proxy', 'Code 306', 1, '145.119.44.91', 1, 2);
INSERT INTO LOGS (date, environment, event_description, event_log, level, source, status, user_id) VALUES (now(), 2, 'Created', 'Code 201', 2, '240.175.55.146', 1, 2);
INSERT INTO LOGS (date, environment, event_description, event_log, level, source, status, user_id) VALUES (now(), 0, 'Unauthorized', 'Code 401', 0, '205.175.155.13', 1, 2);
INSERT INTO LOGS (date, environment, event_description, event_log, level, source, status, user_id) VALUES (now(), 1, 'Switch Proxy', 'Code 306', 1, '241.157.95.67', 1, 2);
INSERT INTO LOGS (date, environment, event_description, event_log, level, source, status, user_id) VALUES (now(), 2, 'OK', 'Code 200', 2, '198.33.35.163', 1, 2);
INSERT INTO LOGS (date, environment, event_description, event_log, level, source, status, user_id) VALUES (now(), 0, 'Unauthorized', 'Code 401', 0, '148.146.29.67', 1, 2);
INSERT INTO LOGS (date, environment, event_description, event_log, level, source, status, user_id) VALUES (now(), 1, 'Use Proxy', 'Code 305', 1, '92.50.234.4', 1, 2);
INSERT INTO LOGS (date, environment, event_description, event_log, level, source, status, user_id) VALUES (now(), 2, 'Created', 'Code 201', 2, '81.28.146.52', 1, 2);
INSERT INTO LOGS (date, environment, event_description, event_log, level, source, status, user_id) VALUES (now(), 0, 'Not Found', 'Code 404', 0, '198.224.139.160', 1, 2);
INSERT INTO LOGS (date, environment, event_description, event_log, level, source, status, user_id) VALUES (now(), 1, 'Use Proxy', 'Code 305', 1, '243.231.226.81', 1, 2);
INSERT INTO LOGS (date, environment, event_description, event_log, level, source, status, user_id) VALUES (now(), 2, 'No Content', 'Code 204', 2, '243.231.226.81', 1, 2);

INSERT INTO LOGS (date, environment, event_description, event_log, level, source, status, user_id) VALUES (now(), 0, 'Bad Request', 'Code 400', 0, '10.178.121.45', 0, 3);
INSERT INTO LOGS (date, environment, event_description, event_log, level, source, status, user_id) VALUES (now(), 1, 'Use Proxy', 'Code 305', 1, '149.96.134.209', 0, 3);
INSERT INTO LOGS (date, environment, event_description, event_log, level, source, status, user_id) VALUES (now(), 2, 'OK', 'Code 200', 2, '20.134.136.236', 0, 3);
INSERT INTO LOGS (date, environment, event_description, event_log, level, source, status, user_id) VALUES (now(), 0, 'Bad Request', 'Code 400', 0, '197.148.180.57', 0, 3);
INSERT INTO LOGS (date, environment, event_description, event_log, level, source, status, user_id) VALUES (now(), 1, 'Use Proxy', 'Code 305', 1, '110.97.247.76', 0, 3);
INSERT INTO LOGS (date, environment, event_description, event_log, level, source, status, user_id) VALUES (now(), 2, 'Created', 'Code 201', 2, '95.25.32.69', 0, 3);
INSERT INTO LOGS (date, environment, event_description, event_log, level, source, status, user_id) VALUES (now(), 0, 'Not Found', 'Code 404', 0, '57.26.108.220', 0, 3);
INSERT INTO LOGS (date, environment, event_description, event_log, level, source, status, user_id) VALUES (now(), 1, 'Switch Proxy', 'Code 306', 1, '155.66.83.119', 0, 3);
INSERT INTO LOGS (date, environment, event_description, event_log, level, source, status, user_id) VALUES (now(), 2, 'Accepted', 'Code 202', 2, '42.193.254.56', 0, 3);
INSERT INTO LOGS (date, environment, event_description, event_log, level, source, status, user_id) VALUES (now(), 0, 'Not Found', 'Code 404', 0, '52.200.112.211', 0, 3);
INSERT INTO LOGS (date, environment, event_description, event_log, level, source, status, user_id) VALUES (now(), 1, 'Temporary Redirect', 'Code 307', 1, '59.18.49.75', 0, 3);
INSERT INTO LOGS (date, environment, event_description, event_log, level, source, status, user_id) VALUES (now(), 2, 'No Content', 'Code 204', 2, '26.3.160.129', 0, 3);
INSERT INTO LOGS (date, environment, event_description, event_log, level, source, status, user_id) VALUES (now(), 0, 'Forbidden', 'Code 403', 0, '39.61.223.196', 0, 3);
INSERT INTO LOGS (date, environment, event_description, event_log, level, source, status, user_id) VALUES (now(), 1, 'Not Modified', 'Code 304', 1, '85.156.94.72', 0, 3);
INSERT INTO LOGS (date, environment, event_description, event_log, level, source, status, user_id) VALUES (now(), 2, 'OK', 'Code 200', 2, '60.230.14.229', 0, 3);
INSERT INTO LOGS (date, environment, event_description, event_log, level, source, status, user_id) VALUES (now(), 0, 'Forbidden', 'Code 403', 0, '190.44.99.80', 1, 3);
INSERT INTO LOGS (date, environment, event_description, event_log, level, source, status, user_id) VALUES (now(), 1, 'Permanent Redirect', 'Code 308', 1, '31.1.4.206', 1, 3);
INSERT INTO LOGS (date, environment, event_description, event_log, level, source, status, user_id) VALUES (now(), 2, 'OK', 'Code 200', 2, '83.71.186.251', 1, 3);
INSERT INTO LOGS (date, environment, event_description, event_log, level, source, status, user_id) VALUES (now(), 0, 'Method Not Allowed', 'Code 405', 0, '9.242.250.176', 1, 3);
INSERT INTO LOGS (date, environment, event_description, event_log, level, source, status, user_id) VALUES (now(), 1, 'Switch Proxy', 'Code 306', 1, '145.119.44.91', 1, 3);
INSERT INTO LOGS (date, environment, event_description, event_log, level, source, status, user_id) VALUES (now(), 2, 'Created', 'Code 201', 2, '240.175.55.146', 1, 3);
INSERT INTO LOGS (date, environment, event_description, event_log, level, source, status, user_id) VALUES (now(), 0, 'Unauthorized', 'Code 401', 0, '205.175.155.13', 1, 3);
INSERT INTO LOGS (date, environment, event_description, event_log, level, source, status, user_id) VALUES (now(), 1, 'Switch Proxy', 'Code 306', 1, '241.157.95.67', 1, 3);
INSERT INTO LOGS (date, environment, event_description, event_log, level, source, status, user_id) VALUES (now(), 2, 'OK', 'Code 200', 2, '198.33.35.163', 1, 3);
INSERT INTO LOGS (date, environment, event_description, event_log, level, source, status, user_id) VALUES (now(), 0, 'Unauthorized', 'Code 401', 0, '148.146.29.67', 1, 3);
INSERT INTO LOGS (date, environment, event_description, event_log, level, source, status, user_id) VALUES (now(), 1, 'Use Proxy', 'Code 305', 1, '92.50.234.4', 1, 3);
INSERT INTO LOGS (date, environment, event_description, event_log, level, source, status, user_id) VALUES (now(), 2, 'Created', 'Code 201', 2, '81.28.146.52', 1, 3);
INSERT INTO LOGS (date, environment, event_description, event_log, level, source, status, user_id) VALUES (now(), 0, 'Not Found', 'Code 404', 0, '198.224.139.160', 1, 3);
INSERT INTO LOGS (date, environment, event_description, event_log, level, source, status, user_id) VALUES (now(), 1, 'Use Proxy', 'Code 305', 1, '243.231.226.81', 1, 3);
INSERT INTO LOGS (date, environment, event_description, event_log, level, source, status, user_id) VALUES (now(), 2, 'No Content', 'Code 204', 2, '243.231.226.81', 1, 3);

INSERT INTO LOGS (date, environment, event_description, event_log, level, source, status, user_id) VALUES (now(), 0, 'Bad Request', 'Code 400', 0, '10.178.121.45', 0, 4);
INSERT INTO LOGS (date, environment, event_description, event_log, level, source, status, user_id) VALUES (now(), 1, 'Use Proxy', 'Code 305', 1, '149.96.134.209', 0, 4);
INSERT INTO LOGS (date, environment, event_description, event_log, level, source, status, user_id) VALUES (now(), 2, 'OK', 'Code 200', 2, '20.134.136.236', 0, 4);
INSERT INTO LOGS (date, environment, event_description, event_log, level, source, status, user_id) VALUES (now(), 0, 'Bad Request', 'Code 400', 0, '197.148.180.57', 0, 4);
INSERT INTO LOGS (date, environment, event_description, event_log, level, source, status, user_id) VALUES (now(), 1, 'Use Proxy', 'Code 305', 1, '110.97.247.76', 0, 4);
INSERT INTO LOGS (date, environment, event_description, event_log, level, source, status, user_id) VALUES (now(), 2, 'Created', 'Code 201', 2, '95.25.32.69', 0, 4);
INSERT INTO LOGS (date, environment, event_description, event_log, level, source, status, user_id) VALUES (now(), 0, 'Not Found', 'Code 404', 0, '57.26.108.220', 0, 4);
INSERT INTO LOGS (date, environment, event_description, event_log, level, source, status, user_id) VALUES (now(), 1, 'Switch Proxy', 'Code 306', 1, '155.66.83.119', 0, 4);
INSERT INTO LOGS (date, environment, event_description, event_log, level, source, status, user_id) VALUES (now(), 2, 'Accepted', 'Code 202', 2, '42.193.254.56', 0, 4);
INSERT INTO LOGS (date, environment, event_description, event_log, level, source, status, user_id) VALUES (now(), 0, 'Not Found', 'Code 404', 0, '52.200.112.211', 0, 4);
INSERT INTO LOGS (date, environment, event_description, event_log, level, source, status, user_id) VALUES (now(), 1, 'Temporary Redirect', 'Code 307', 1, '59.18.49.75', 0, 4);
INSERT INTO LOGS (date, environment, event_description, event_log, level, source, status, user_id) VALUES (now(), 2, 'No Content', 'Code 204', 2, '26.3.160.129', 0, 4);
INSERT INTO LOGS (date, environment, event_description, event_log, level, source, status, user_id) VALUES (now(), 0, 'Forbidden', 'Code 403', 0, '39.61.223.196', 0, 4);
INSERT INTO LOGS (date, environment, event_description, event_log, level, source, status, user_id) VALUES (now(), 1, 'Not Modified', 'Code 304', 1, '85.156.94.72', 0, 4);
INSERT INTO LOGS (date, environment, event_description, event_log, level, source, status, user_id) VALUES (now(), 2, 'OK', 'Code 200', 2, '60.230.14.229', 0, 4);
INSERT INTO LOGS (date, environment, event_description, event_log, level, source, status, user_id) VALUES (now(), 0, 'Forbidden', 'Code 403', 0, '190.44.99.80', 1, 4);
INSERT INTO LOGS (date, environment, event_description, event_log, level, source, status, user_id) VALUES (now(), 1, 'Permanent Redirect', 'Code 308', 1, '31.1.4.206', 1, 4);
INSERT INTO LOGS (date, environment, event_description, event_log, level, source, status, user_id) VALUES (now(), 2, 'OK', 'Code 200', 2, '83.71.186.251', 1, 4);
INSERT INTO LOGS (date, environment, event_description, event_log, level, source, status, user_id) VALUES (now(), 0, 'Method Not Allowed', 'Code 405', 0, '9.242.250.176', 1, 4);
INSERT INTO LOGS (date, environment, event_description, event_log, level, source, status, user_id) VALUES (now(), 1, 'Switch Proxy', 'Code 306', 1, '145.119.44.91', 1, 4);
INSERT INTO LOGS (date, environment, event_description, event_log, level, source, status, user_id) VALUES (now(), 2, 'Created', 'Code 201', 2, '240.175.55.146', 1, 4);
INSERT INTO LOGS (date, environment, event_description, event_log, level, source, status, user_id) VALUES (now(), 0, 'Unauthorized', 'Code 401', 0, '205.175.155.13', 1, 4);
INSERT INTO LOGS (date, environment, event_description, event_log, level, source, status, user_id) VALUES (now(), 1, 'Switch Proxy', 'Code 306', 1, '241.157.95.67', 1, 4);
INSERT INTO LOGS (date, environment, event_description, event_log, level, source, status, user_id) VALUES (now(), 2, 'OK', 'Code 200', 2, '198.33.35.163', 1, 4);
INSERT INTO LOGS (date, environment, event_description, event_log, level, source, status, user_id) VALUES (now(), 0, 'Unauthorized', 'Code 401', 0, '148.146.29.67', 1, 4);
INSERT INTO LOGS (date, environment, event_description, event_log, level, source, status, user_id) VALUES (now(), 1, 'Use Proxy', 'Code 305', 1, '92.50.234.4', 1, 4);
INSERT INTO LOGS (date, environment, event_description, event_log, level, source, status, user_id) VALUES (now(), 2, 'Created', 'Code 201', 2, '81.28.146.52', 1, 4);
INSERT INTO LOGS (date, environment, event_description, event_log, level, source, status, user_id) VALUES (now(), 0, 'Not Found', 'Code 404', 0, '198.224.139.160', 1, 4);
INSERT INTO LOGS (date, environment, event_description, event_log, level, source, status, user_id) VALUES (now(), 1, 'Use Proxy', 'Code 305', 1, '243.231.226.81', 1, 4);
INSERT INTO LOGS (date, environment, event_description, event_log, level, source, status, user_id) VALUES (now(), 2, 'No Content', 'Code 204', 2, '243.231.226.81', 1, 4);

INSERT INTO LOGS (date, environment, event_description, event_log, level, source, status, user_id) VALUES (now(), 1, 'Use Proxy', 'Code 305', 1, '149.96.134.209', 0, 5);
INSERT INTO LOGS (date, environment, event_description, event_log, level, source, status, user_id) VALUES (now(), 0, 'Bad Request', 'Code 400', 0, '10.178.121.45', 0, 5);
INSERT INTO LOGS (date, environment, event_description, event_log, level, source, status, user_id) VALUES (now(), 2, 'OK', 'Code 200', 2, '20.134.136.236', 0, 5);
INSERT INTO LOGS (date, environment, event_description, event_log, level, source, status, user_id) VALUES (now(), 0, 'Bad Request', 'Code 400', 0, '197.148.180.57', 0, 5);
INSERT INTO LOGS (date, environment, event_description, event_log, level, source, status, user_id) VALUES (now(), 1, 'Use Proxy', 'Code 305', 1, '110.97.247.76', 0, 5);
INSERT INTO LOGS (date, environment, event_description, event_log, level, source, status, user_id) VALUES (now(), 2, 'Created', 'Code 201', 2, '95.25.32.69', 0, 5);
INSERT INTO LOGS (date, environment, event_description, event_log, level, source, status, user_id) VALUES (now(), 0, 'Not Found', 'Code 404', 0, '57.26.108.220', 0, 5);
INSERT INTO LOGS (date, environment, event_description, event_log, level, source, status, user_id) VALUES (now(), 1, 'Switch Proxy', 'Code 306', 1, '155.66.83.119', 0, 5);
INSERT INTO LOGS (date, environment, event_description, event_log, level, source, status, user_id) VALUES (now(), 2, 'Accepted', 'Code 202', 2, '42.193.254.56', 0, 5);
INSERT INTO LOGS (date, environment, event_description, event_log, level, source, status, user_id) VALUES (now(), 0, 'Not Found', 'Code 404', 0, '52.200.112.211', 0, 5);
INSERT INTO LOGS (date, environment, event_description, event_log, level, source, status, user_id) VALUES (now(), 1, 'Temporary Redirect', 'Code 307', 1, '59.18.49.75', 0, 5);
INSERT INTO LOGS (date, environment, event_description, event_log, level, source, status, user_id) VALUES (now(), 2, 'No Content', 'Code 204', 2, '26.3.160.129', 0, 5);
INSERT INTO LOGS (date, environment, event_description, event_log, level, source, status, user_id) VALUES (now(), 0, 'Forbidden', 'Code 403', 0, '39.61.223.196', 0, 5);
INSERT INTO LOGS (date, environment, event_description, event_log, level, source, status, user_id) VALUES (now(), 1, 'Not Modified', 'Code 304', 1, '85.156.94.72', 0, 5);
INSERT INTO LOGS (date, environment, event_description, event_log, level, source, status, user_id) VALUES (now(), 2, 'OK', 'Code 200', 2, '60.230.14.229', 0, 5);
INSERT INTO LOGS (date, environment, event_description, event_log, level, source, status, user_id) VALUES (now(), 0, 'Forbidden', 'Code 403', 0, '190.44.99.80', 1, 5);
INSERT INTO LOGS (date, environment, event_description, event_log, level, source, status, user_id) VALUES (now(), 1, 'Permanent Redirect', 'Code 308', 1, '31.1.4.206', 1, 5);
INSERT INTO LOGS (date, environment, event_description, event_log, level, source, status, user_id) VALUES (now(), 2, 'OK', 'Code 200', 2, '83.71.186.251', 1, 5);
INSERT INTO LOGS (date, environment, event_description, event_log, level, source, status, user_id) VALUES (now(), 0, 'Method Not Allowed', 'Code 405', 0, '9.242.250.176', 1, 5);
INSERT INTO LOGS (date, environment, event_description, event_log, level, source, status, user_id) VALUES (now(), 1, 'Switch Proxy', 'Code 306', 1, '145.119.44.91', 1, 5);
INSERT INTO LOGS (date, environment, event_description, event_log, level, source, status, user_id) VALUES (now(), 2, 'Created', 'Code 201', 2, '240.175.55.146', 1, 5);
INSERT INTO LOGS (date, environment, event_description, event_log, level, source, status, user_id) VALUES (now(), 0, 'Unauthorized', 'Code 401', 0, '205.175.155.13', 1, 5);
INSERT INTO LOGS (date, environment, event_description, event_log, level, source, status, user_id) VALUES (now(), 1, 'Switch Proxy', 'Code 306', 1, '241.157.95.67', 1, 5);
INSERT INTO LOGS (date, environment, event_description, event_log, level, source, status, user_id) VALUES (now(), 2, 'OK', 'Code 200', 2, '198.33.35.163', 1, 5);
INSERT INTO LOGS (date, environment, event_description, event_log, level, source, status, user_id) VALUES (now(), 0, 'Unauthorized', 'Code 401', 0, '148.146.29.67', 1, 5);
INSERT INTO LOGS (date, environment, event_description, event_log, level, source, status, user_id) VALUES (now(), 1, 'Use Proxy', 'Code 305', 1, '92.50.234.4', 1, 5);
INSERT INTO LOGS (date, environment, event_description, event_log, level, source, status, user_id) VALUES (now(), 2, 'Created', 'Code 201', 2, '81.28.146.52', 1, 5);
INSERT INTO LOGS (date, environment, event_description, event_log, level, source, status, user_id) VALUES (now(), 0, 'Not Found', 'Code 404', 0, '198.224.139.160', 1, 5);
INSERT INTO LOGS (date, environment, event_description, event_log, level, source, status, user_id) VALUES (now(), 1, 'Use Proxy', 'Code 305', 1, '243.231.226.81', 1, 5);
INSERT INTO LOGS (date, environment, event_description, event_log, level, source, status, user_id) VALUES (now(), 2, 'No Content', 'Code 204', 2, '243.231.226.81', 1, 5);

INSERT INTO LOGS (date, environment, event_description, event_log, level, source, status, user_id) VALUES (now(), 0, 'Bad Request', 'Code 400', 0, '10.178.121.45', 0, 2);
INSERT INTO LOGS (date, environment, event_description, event_log, level, source, status, user_id) VALUES (now(), 1, 'Use Proxy', 'Code 305', 1, '149.96.134.209', 0, 2);
INSERT INTO LOGS (date, environment, event_description, event_log, level, source, status, user_id) VALUES (now(), 2, 'OK', 'Code 200', 2, '20.134.136.236', 0, 2);
INSERT INTO LOGS (date, environment, event_description, event_log, level, source, status, user_id) VALUES (now(), 0, 'Bad Request', 'Code 400', 0, '197.148.180.57', 0, 2);
INSERT INTO LOGS (date, environment, event_description, event_log, level, source, status, user_id) VALUES (now(), 1, 'Use Proxy', 'Code 305', 1, '110.97.247.76', 0, 2);
INSERT INTO LOGS (date, environment, event_description, event_log, level, source, status, user_id) VALUES (now(), 2, 'Created', 'Code 201', 2, '95.25.32.69', 0, 2);
INSERT INTO LOGS (date, environment, event_description, event_log, level, source, status, user_id) VALUES (now(), 0, 'Not Found', 'Code 404', 0, '57.26.108.220', 0, 2);
INSERT INTO LOGS (date, environment, event_description, event_log, level, source, status, user_id) VALUES (now(), 1, 'Switch Proxy', 'Code 306', 1, '155.66.83.119', 0, 2);
INSERT INTO LOGS (date, environment, event_description, event_log, level, source, status, user_id) VALUES (now(), 2, 'Accepted', 'Code 202', 2, '42.193.254.56', 0, 2);
INSERT INTO LOGS (date, environment, event_description, event_log, level, source, status, user_id) VALUES (now(), 0, 'Not Found', 'Code 404', 0, '52.200.112.211', 0, 2);
INSERT INTO LOGS (date, environment, event_description, event_log, level, source, status, user_id) VALUES (now(), 1, 'Temporary Redirect', 'Code 307', 1, '59.18.49.75', 0, 2);
INSERT INTO LOGS (date, environment, event_description, event_log, level, source, status, user_id) VALUES (now(), 2, 'No Content', 'Code 204', 2, '26.3.160.129', 0, 2);
INSERT INTO LOGS (date, environment, event_description, event_log, level, source, status, user_id) VALUES (now(), 0, 'Forbidden', 'Code 403', 0, '39.61.223.196', 0, 2);
INSERT INTO LOGS (date, environment, event_description, event_log, level, source, status, user_id) VALUES (now(), 1, 'Not Modified', 'Code 304', 1, '85.156.94.72', 0, 2);
INSERT INTO LOGS (date, environment, event_description, event_log, level, source, status, user_id) VALUES (now(), 2, 'OK', 'Code 200', 2, '60.230.14.229', 0, 2);
INSERT INTO LOGS (date, environment, event_description, event_log, level, source, status, user_id) VALUES (now(), 0, 'Forbidden', 'Code 403', 0, '190.44.99.80', 1, 2);
INSERT INTO LOGS (date, environment, event_description, event_log, level, source, status, user_id) VALUES (now(), 1, 'Permanent Redirect', 'Code 308', 1, '31.1.4.206', 1, 2);
INSERT INTO LOGS (date, environment, event_description, event_log, level, source, status, user_id) VALUES (now(), 2, 'OK', 'Code 200', 2, '83.71.186.251', 1, 2);
INSERT INTO LOGS (date, environment, event_description, event_log, level, source, status, user_id) VALUES (now(), 0, 'Method Not Allowed', 'Code 405', 0, '9.242.250.176', 1, 2);
INSERT INTO LOGS (date, environment, event_description, event_log, level, source, status, user_id) VALUES (now(), 1, 'Switch Proxy', 'Code 306', 1, '145.119.44.91', 1, 2);
INSERT INTO LOGS (date, environment, event_description, event_log, level, source, status, user_id) VALUES (now(), 2, 'Created', 'Code 201', 2, '240.175.55.146', 1, 2);
INSERT INTO LOGS (date, environment, event_description, event_log, level, source, status, user_id) VALUES (now(), 0, 'Unauthorized', 'Code 401', 0, '205.175.155.13', 1, 2);
INSERT INTO LOGS (date, environment, event_description, event_log, level, source, status, user_id) VALUES (now(), 1, 'Switch Proxy', 'Code 306', 1, '241.157.95.67', 1, 2);
INSERT INTO LOGS (date, environment, event_description, event_log, level, source, status, user_id) VALUES (now(), 2, 'OK', 'Code 200', 2, '198.33.35.163', 1, 2);
INSERT INTO LOGS (date, environment, event_description, event_log, level, source, status, user_id) VALUES (now(), 0, 'Unauthorized', 'Code 401', 0, '148.146.29.67', 1, 2);
INSERT INTO LOGS (date, environment, event_description, event_log, level, source, status, user_id) VALUES (now(), 1, 'Use Proxy', 'Code 305', 1, '92.50.234.4', 1, 2);
INSERT INTO LOGS (date, environment, event_description, event_log, level, source, status, user_id) VALUES (now(), 2, 'Created', 'Code 201', 2, '81.28.146.52', 1, 2);
INSERT INTO LOGS (date, environment, event_description, event_log, level, source, status, user_id) VALUES (now(), 0, 'Not Found', 'Code 404', 0, '198.224.139.160', 1, 2);
INSERT INTO LOGS (date, environment, event_description, event_log, level, source, status, user_id) VALUES (now(), 1, 'Use Proxy', 'Code 305', 1, '243.231.226.81', 1, 2);
INSERT INTO LOGS (date, environment, event_description, event_log, level, source, status, user_id) VALUES (now(), 2, 'No Content', 'Code 204', 2, '243.231.226.81', 1, 2);